154.83.2.142,443,0.0.0.0,SG,Singapore,官方,4 ms
154.84.175.217,443,0.0.0.0,SG,Singapore,官方,1 ms
154.83.2.130,443,0.0.0.0,SG,Singapore,官方,2 ms
154.220.42.1,443,43.229.215.122,HK,Singapore,隧道,69 ms
154.213.130.172,443,43.229.215.122,HK,Singapore,隧道,70 ms
154.84.175.2,443,0.0.0.0,SG,Singapore,官方,53 ms
154.83.2.54,443,0.0.0.0,SG,Singapore,官方,10 ms
154.213.109.82,443,43.229.215.122,HK,Singapore,隧道,70 ms
154.84.175.172,443,0.0.0.0,SG,Singapore,官方,40 ms
154.213.112.54,443,43.229.215.122,HK,Singapore,隧道,71 ms
154.220.42.7,443,43.229.215.122,HK,Singapore,隧道,71 ms
154.84.175.39,443,0.0.0.0,SG,Singapore,官方,63 ms
154.84.175.36,443,0.0.0.0,SG,Singapore,官方,47 ms
154.84.175.194,443,0.0.0.0,SG,Singapore,官方,77 ms
196.245.9.46,443,196.245.9.42,US,Los Angeles,隧道,169 ms
196.245.9.158,443,196.245.9.154,US,Los Angeles,隧道,167 ms
154.92.60.181,443,43.229.215.122,HK,Singapore,隧道,69 ms
196.245.9.122,443,196.245.9.122,US,Los Angeles,中转,181 ms
154.84.175.205,443,0.0.0.0,SG,Singapore,官方,32 ms
154.84.175.249,443,0.0.0.0,SG,Singapore,官方,155 ms
154.84.175.153,443,0.0.0.0,SG,Singapore,官方,11 ms
165.231.33.172,443,165.231.33.170,GB,London,隧道,242 ms
154.220.42.18,443,43.229.215.122,HK,Singapore,隧道,109 ms
196.245.151.140,443,196.245.151.138,SK,Prague,隧道,238 ms
196.196.51.21,443,196.196.51.18,LV,Riga,隧道,274 ms
154.84.175.68,443,0.0.0.0,SG,Singapore,官方,65 ms
154.83.2.36,443,0.0.0.0,SG,Singapore,官方,78 ms
196.245.172.93,443,196.245.172.90,ES,Madrid,隧道,245 ms
196.245.172.86,443,196.245.172.82,ES,Madrid,隧道,248 ms
196.196.200.98,443,196.196.200.98,FI,Dublin,中转,243 ms
196.196.51.27,443,196.196.51.26,LV,Riga,隧道,272 ms
196.245.151.37,443,196.245.151.34,SK,Prague,隧道,244 ms
196.244.217.78,443,196.244.217.74,GB,London,隧道,242 ms
154.84.175.199,443,0.0.0.0,SG,Singapore,官方,267 ms
154.83.2.17,443,0.0.0.0,SG,Singapore,官方,17 ms
196.245.151.117,443,196.245.151.114,SK,Prague,隧道,236 ms
196.196.232.22,443,196.196.232.18,US,Los Angeles,隧道,167 ms
154.83.2.26,443,0.0.0.0,SG,Singapore,官方,113 ms
154.84.175.192,443,0.0.0.0,SG,Singapore,官方,213 ms
154.220.42.27,443,43.229.215.122,HK,Singapore,隧道,97 ms
196.247.57.165,443,196.247.57.162,CA,Toronto,隧道,228 ms
154.83.2.201,443,0.0.0.0,SG,Singapore,官方,176 ms
154.84.175.121,443,0.0.0.0,SG,Singapore,官方,1 ms
154.84.175.84,443,0.0.0.0,SG,Singapore,官方,116 ms
154.83.2.114,443,0.0.0.0,SG,Singapore,官方,29 ms
154.84.175.164,443,0.0.0.0,SG,Singapore,官方,166 ms
196.240.126.138,443,196.240.126.138,SG,Stockholm,中转,246 ms
154.84.175.42,443,0.0.0.0,SG,Singapore,官方,133 ms
196.247.57.154,443,196.247.57.154,CA,Toronto,中转,226 ms
154.83.2.100,443,0.0.0.0,SG,Singapore,官方,114 ms
154.84.175.104,443,0.0.0.0,SG,Singapore,官方,96 ms
196.196.51.76,443,196.196.51.74,LV,Riga,隧道,284 ms
154.84.175.89,443,0.0.0.0,SG,Singapore,官方,56 ms
196.244.217.76,443,196.244.217.74,GB,London,隧道,242 ms
154.84.175.158,443,0.0.0.0,SG,Singapore,官方,88 ms
196.245.172.62,443,196.245.172.58,ES,Madrid,隧道,248 ms
196.240.207.146,443,196.240.207.146,CA,Vancouver,中转,199 ms
196.240.126.171,443,196.240.126.170,SG,Stockholm,隧道,1274 ms
154.84.175.184,443,0.0.0.0,SG,Singapore,官方,85 ms
154.83.2.2,443,0.0.0.0,SG,Singapore,官方,220 ms
196.196.51.58,443,196.196.51.58,LV,Riga,中转,264 ms
154.83.2.68,443,0.0.0.0,SG,Singapore,官方,12 ms
196.247.57.146,443,196.247.57.146,CA,Toronto,中转,263 ms
154.84.175.6,443,0.0.0.0,SG,Singapore,官方,7 ms
154.83.2.174,443,0.0.0.0,SG,Singapore,官方,274 ms
154.84.175.126,443,0.0.0.0,SG,Singapore,官方,42 ms
154.84.175.208,443,0.0.0.0,SG,Singapore,官方,182 ms
154.92.60.179,443,43.229.215.122,HK,Singapore,隧道,69 ms
154.83.2.31,443,0.0.0.0,SG,Singapore,官方,50 ms
196.244.72.22,443,196.244.72.18,ZA,Düsseldorf,隧道,246 ms
154.213.109.64,443,43.229.215.122,HK,Singapore,隧道,101 ms
154.220.42.15,443,43.229.215.122,HK,Singapore,隧道,261 ms
154.84.175.118,443,0.0.0.0,SG,Singapore,官方,264 ms
154.213.106.89,443,43.229.215.122,HK,Singapore,隧道,299 ms
154.83.2.129,443,0.0.0.0,SG,Singapore,官方,146 ms
154.84.175.220,443,0.0.0.0,SG,Singapore,官方,86 ms
196.245.151.132,443,196.245.151.130,SK,Prague,隧道,523 ms
154.83.2.113,443,0.0.0.0,SG,Singapore,官方,9 ms
154.84.175.193,443,0.0.0.0,SG,Singapore,官方,85 ms
196.196.200.82,443,196.196.200.82,FI,Dublin,中转,245 ms
154.83.2.38,443,0.0.0.0,SG,Singapore,官方,73 ms
154.84.175.35,443,0.0.0.0,SG,Singapore,官方,196 ms
154.84.175.226,443,0.0.0.0,SG,Singapore,官方,155 ms
154.84.175.1,443,0.0.0.0,SG,Singapore,官方,158 ms
165.231.33.140,443,165.231.33.138,GB,London,隧道,237 ms
154.83.2.102,443,0.0.0.0,SG,Singapore,官方,43 ms
154.84.175.103,443,0.0.0.0,SG,Singapore,官方,76 ms
154.84.175.9,443,0.0.0.0,SG,Singapore,官方,147 ms
196.245.9.148,443,196.245.9.146,US,Los Angeles,隧道,181 ms
196.245.156.67,443,196.245.156.66,RO,Sofia,隧道,249 ms
154.92.60.166,443,43.229.215.122,HK,Singapore,隧道,396 ms
154.83.2.140,443,0.0.0.0,SG,Singapore,官方,19 ms
154.84.175.95,443,0.0.0.0,SG,Singapore,官方,7 ms
154.84.175.237,443,0.0.0.0,SG,Singapore,官方,28 ms
154.213.130.168,443,43.229.215.122,HK,Singapore,隧道,273 ms
154.84.175.22,443,0.0.0.0,SG,Singapore,官方,122 ms
154.84.175.115,443,0.0.0.0,SG,Singapore,官方,96 ms
154.216.68.76,443,43.229.215.122,HK,Singapore,隧道,357 ms
154.84.175.178,443,0.0.0.0,SG,Singapore,官方,128 ms
154.213.130.178,443,43.229.215.122,HK,Singapore,隧道,105 ms
196.247.57.157,443,196.247.57.154,CA,Toronto,隧道,231 ms
154.213.130.161,443,43.229.215.122,HK,Singapore,隧道,98 ms
154.83.2.127,443,0.0.0.0,SG,Singapore,官方,59 ms
196.245.9.149,443,196.245.9.146,US,Los Angeles,隧道,184 ms
154.83.2.146,443,0.0.0.0,SG,Singapore,官方,80 ms
154.213.109.76,443,43.229.215.122,HK,Singapore,隧道,204 ms
165.231.33.190,443,165.231.33.186,GB,London,隧道,242 ms
196.245.172.58,443,196.245.172.58,ES,Madrid,中转,256 ms
154.84.175.46,443,0.0.0.0,SG,Singapore,官方,14 ms
154.83.2.29,443,0.0.0.0,SG,Singapore,官方,166 ms
154.83.2.69,443,0.0.0.0,SG,Singapore,官方,152 ms
154.84.175.252,443,0.0.0.0,SG,Singapore,官方,51 ms
154.83.2.108,443,0.0.0.0,SG,Singapore,官方,106 ms
196.245.9.43,443,196.245.9.42,US,Los Angeles,隧道,291 ms
154.213.112.33,443,43.229.215.122,HK,Singapore,隧道,119 ms
196.196.203.53,443,196.196.203.50,FI,Helsinki,隧道,259 ms
154.92.58.178,443,43.229.215.122,HK,Singapore,隧道,195 ms
154.83.2.99,443,0.0.0.0,SG,Singapore,官方,15 ms
154.83.2.48,443,0.0.0.0,SG,Singapore,官方,256 ms
154.83.2.254,443,0.0.0.0,SG,Singapore,官方,141 ms
154.213.106.88,443,43.229.215.122,HK,Singapore,隧道,197 ms
154.83.2.147,443,0.0.0.0,SG,Singapore,官方,84 ms
154.84.175.79,443,0.0.0.0,SG,Singapore,官方,127 ms
196.247.57.142,443,196.247.57.138,CA,Toronto,隧道,252 ms
154.84.175.105,443,0.0.0.0,SG,Singapore,官方,112 ms
154.92.58.190,443,43.229.215.122,HK,Singapore,隧道,338 ms
154.84.175.122,443,0.0.0.0,SG,Singapore,官方,146 ms
154.83.2.11,443,0.0.0.0,SG,Singapore,官方,7 ms
154.83.2.117,443,0.0.0.0,SG,Singapore,官方,60 ms
154.213.109.81,443,43.229.215.122,HK,Singapore,隧道,329 ms
154.213.130.170,443,43.229.215.122,HK,Singapore,隧道,226 ms
154.83.2.91,443,0.0.0.0,SG,Singapore,官方,5 ms
154.84.175.161,443,0.0.0.0,SG,Singapore,官方,55 ms
154.84.175.13,443,0.0.0.0,SG,Singapore,官方,150 ms
154.84.175.159,443,0.0.0.0,SG,Singapore,官方,45 ms
196.245.151.122,443,196.245.151.122,SK,Prague,中转,239 ms
154.84.175.215,443,0.0.0.0,SG,Singapore,官方,101 ms
196.196.51.77,443,196.196.51.74,LV,Riga,隧道,277 ms
154.83.2.211,443,0.0.0.0,SG,Singapore,官方,80 ms
196.244.72.18,443,196.244.72.18,ZA,Düsseldorf,中转,243 ms
154.84.175.54,443,0.0.0.0,SG,Singapore,官方,155 ms
154.213.109.84,443,43.229.215.122,HK,Singapore,隧道,339 ms
196.247.180.146,443,196.247.180.146,PL,Warsaw,中转,244 ms
154.83.2.5,443,0.0.0.0,SG,Singapore,官方,159 ms
154.83.2.204,443,0.0.0.0,SG,Singapore,官方,169 ms
196.244.72.83,443,196.244.72.82,ZA,Düsseldorf,隧道,246 ms
154.84.175.98,443,0.0.0.0,SG,Singapore,官方,63 ms
196.245.156.86,443,196.245.156.82,RO,Sofia,隧道,251 ms
196.245.9.157,443,196.245.9.154,US,Los Angeles,隧道,169 ms
154.84.175.235,443,0.0.0.0,SG,Singapore,官方,86 ms
154.83.2.126,443,0.0.0.0,SG,Singapore,官方,94 ms
154.83.2.90,443,0.0.0.0,SG,Singapore,官方,192 ms
165.231.33.171,443,165.231.33.170,GB,London,隧道,237 ms
196.245.172.165,443,196.245.172.162,ES,Madrid,隧道,257 ms
196.245.151.150,443,196.245.151.146,SK,Prague,隧道,239 ms
154.84.175.245,443,0.0.0.0,SG,Singapore,官方,198 ms
154.84.175.65,443,0.0.0.0,SG,Singapore,官方,38 ms
154.84.175.114,443,0.0.0.0,SG,Singapore,官方,21 ms
196.244.72.82,443,196.244.72.82,ZA,Düsseldorf,中转,250 ms
154.83.2.45,443,0.0.0.0,SG,Singapore,官方,11 ms
154.213.106.78,443,43.229.215.122,HK,Singapore,隧道,160 ms
154.84.175.34,443,0.0.0.0,SG,Singapore,官方,163 ms
196.196.203.13,443,196.196.203.10,FI,Helsinki,隧道,261 ms
196.196.232.18,443,196.196.232.18,US,Los Angeles,中转,255 ms
154.92.60.160,443,43.229.215.122,HK,Singapore,隧道,298 ms
154.84.175.5,443,0.0.0.0,SG,Singapore,官方,126 ms
196.247.57.163,443,196.247.57.162,CA,Toronto,隧道,225 ms
154.92.58.181,443,43.229.215.122,HK,Singapore,隧道,164 ms
154.213.106.74,443,43.229.215.122,HK,Singapore,隧道,249 ms
154.213.112.37,443,43.229.215.122,HK,Singapore,隧道,353 ms
154.84.175.75,443,0.0.0.0,SG,Singapore,官方,122 ms
154.92.60.165,443,43.229.215.122,HK,Singapore,隧道,319 ms
154.83.2.133,443,0.0.0.0,SG,Singapore,官方,145 ms
154.213.109.73,443,43.229.215.122,HK,Singapore,隧道,312 ms
154.84.175.169,443,0.0.0.0,SG,Singapore,官方,179 ms
196.245.151.34,443,196.245.151.34,SK,Prague,中转,239 ms
154.84.175.254,443,0.0.0.0,SG,Singapore,官方,19 ms
196.245.151.116,443,196.245.151.114,SK,Prague,隧道,234 ms
154.83.2.214,443,0.0.0.0,SG,Singapore,官方,55 ms
196.244.72.70,443,196.244.72.66,ZA,Düsseldorf,隧道,244 ms
154.92.60.182,443,43.229.215.122,HK,Singapore,隧道,248 ms
196.247.180.172,443,196.247.180.170,PL,Warsaw,隧道,250 ms
154.92.58.171,443,43.229.215.122,HK,Singapore,隧道,316 ms
154.83.2.77,443,0.0.0.0,SG,Singapore,官方,85 ms
154.83.2.6,443,0.0.0.0,SG,Singapore,官方,89 ms
154.84.175.128,443,0.0.0.0,SG,Singapore,官方,66 ms
196.245.172.60,443,196.245.172.58,ES,Madrid,隧道,262 ms
154.83.2.179,443,0.0.0.0,SG,Singapore,官方,21 ms
154.213.130.190,443,43.229.215.122,HK,Singapore,隧道,270 ms
165.231.33.188,443,165.231.33.186,GB,London,隧道,244 ms
154.92.58.184,443,43.229.215.122,HK,Singapore,隧道,360 ms
196.240.207.147,443,196.240.207.146,CA,Vancouver,隧道,199 ms
154.83.2.19,443,0.0.0.0,SG,Singapore,官方,5 ms
154.84.175.120,443,0.0.0.0,SG,Singapore,官方,138 ms
154.83.2.238,443,0.0.0.0,SG,Singapore,官方,30 ms
196.245.151.124,443,196.245.151.122,SK,Prague,隧道,243 ms
196.245.9.139,443,196.245.9.138,US,Los Angeles,隧道,170 ms
154.213.112.61,443,43.229.215.122,HK,Singapore,隧道,272 ms
154.84.175.112,443,0.0.0.0,SG,Singapore,官方,165 ms
154.83.2.98,443,0.0.0.0,SG,Singapore,官方,130 ms
154.92.60.172,443,43.229.215.122,HK,Singapore,隧道,378 ms
154.83.2.237,443,0.0.0.0,SG,Singapore,官方,153 ms
154.84.175.60,443,0.0.0.0,SG,Singapore,官方,90 ms
154.213.112.45,443,43.229.215.122,HK,Singapore,隧道,396 ms
154.84.175.203,443,0.0.0.0,SG,Singapore,官方,131 ms
154.213.109.88,443,43.229.215.122,HK,Singapore,隧道,270 ms
154.220.42.13,443,43.229.215.122,HK,Singapore,隧道,354 ms
154.213.106.94,443,43.229.215.122,HK,Singapore,隧道,453 ms
154.83.2.171,443,0.0.0.0,SG,Singapore,官方,21 ms
154.83.2.53,443,0.0.0.0,SG,Singapore,官方,95 ms
196.244.217.43,443,196.244.217.42,GB,London,隧道,245 ms
196.245.151.138,443,196.245.151.138,SK,Prague,中转,240 ms
154.213.112.51,443,43.229.215.122,HK,Singapore,隧道,412 ms
154.83.2.163,443,0.0.0.0,SG,Singapore,官方,37 ms
154.83.2.169,443,0.0.0.0,SG,Singapore,官方,124 ms
196.245.156.125,443,196.245.156.122,RO,Sofia,隧道,246 ms
154.83.2.79,443,0.0.0.0,SG,Singapore,官方,33 ms
196.245.9.150,443,196.245.9.146,US,Los Angeles,隧道,217 ms
196.245.156.124,443,196.245.156.122,RO,Sofia,隧道,250 ms
154.83.2.95,443,0.0.0.0,SG,Singapore,官方,136 ms
154.83.2.245,443,0.0.0.0,SG,Singapore,官方,65 ms
154.84.175.229,443,0.0.0.0,SG,Singapore,官方,185 ms
196.245.172.163,443,196.245.172.162,ES,Madrid,隧道,258 ms
154.83.2.181,443,0.0.0.0,SG,Singapore,官方,14 ms
154.84.175.219,443,0.0.0.0,SG,Singapore,官方,132 ms
196.245.172.172,443,196.245.172.170,ES,Madrid,隧道,265 ms
196.244.72.67,443,196.244.72.66,ZA,Düsseldorf,隧道,246 ms
154.83.2.28,443,0.0.0.0,SG,Singapore,官方,110 ms
165.231.190.11,443,165.231.190.10,EE,Tallinn,隧道,170 ms
154.83.2.118,443,0.0.0.0,SG,Singapore,官方,178 ms
154.83.2.15,443,0.0.0.0,SG,Singapore,官方,140 ms
154.83.2.16,443,0.0.0.0,SG,Singapore,官方,293 ms
165.231.33.170,443,165.231.33.170,GB,London,中转,243 ms
154.84.175.241,443,0.0.0.0,SG,Singapore,官方,163 ms
154.84.175.108,443,0.0.0.0,SG,Singapore,官方,12 ms
154.84.175.151,443,0.0.0.0,SG,Singapore,官方,19 ms
154.213.106.86,443,43.229.215.122,HK,Singapore,隧道,359 ms
196.245.9.36,443,196.245.9.34,US,Los Angeles,隧道,185 ms
154.83.2.37,443,0.0.0.0,SG,Singapore,官方,123 ms
196.245.156.85,443,196.245.156.82,RO,Sofia,隧道,245 ms
154.83.2.56,443,0.0.0.0,SG,Singapore,官方,116 ms
154.83.2.137,443,0.0.0.0,SG,Singapore,官方,49 ms
154.84.175.152,443,0.0.0.0,SG,Singapore,官方,17 ms
154.92.58.189,443,43.229.215.122,HK,Singapore,隧道,527 ms
154.83.2.88,443,0.0.0.0,SG,Singapore,官方,71 ms
154.216.68.65,443,43.229.215.122,HK,Singapore,隧道,322 ms
154.213.130.181,443,43.229.215.122,HK,Singapore,隧道,253 ms
154.83.2.235,443,0.0.0.0,SG,Singapore,官方,48 ms
196.196.51.3,443,196.196.51.2,LV,Riga,隧道,271 ms
154.83.2.115,443,0.0.0.0,SG,Singapore,官方,25 ms
154.92.60.189,443,43.229.215.122,HK,Singapore,隧道,284 ms
154.83.2.104,443,0.0.0.0,SG,Singapore,官方,177 ms
154.83.2.236,443,0.0.0.0,SG,Singapore,官方,273 ms
196.245.156.131,443,196.245.156.130,RO,Sofia,隧道,245 ms
196.244.217.42,443,196.244.217.42,GB,London,中转,236 ms
196.196.51.43,443,196.196.51.42,LV,Riga,隧道,271 ms
154.213.112.35,443,43.229.215.122,HK,Singapore,隧道,312 ms
196.245.156.93,443,196.245.156.90,RO,Sofia,隧道,248 ms
196.247.57.156,443,196.247.57.154,CA,Toronto,隧道,222 ms
154.84.175.224,443,0.0.0.0,SG,Singapore,官方,126 ms
196.245.151.134,443,196.245.151.130,SK,Prague,隧道,232 ms
154.84.175.214,443,0.0.0.0,SG,Singapore,官方,24 ms
196.245.156.134,443,196.245.156.130,RO,Sofia,隧道,251 ms
154.84.175.211,443,0.0.0.0,SG,Singapore,官方,107 ms
154.84.175.55,443,0.0.0.0,SG,Singapore,官方,71 ms
196.245.151.130,443,196.245.151.130,SK,Prague,中转,238 ms
165.231.161.165,443,165.231.161.162,EE,Tallinn,隧道,173 ms
196.244.72.100,443,196.244.72.98,ZA,Düsseldorf,隧道,252 ms
154.213.106.69,443,43.229.215.122,HK,Singapore,隧道,223 ms
154.84.175.188,443,0.0.0.0,SG,Singapore,官方,78 ms
154.84.175.102,443,0.0.0.0,SG,Singapore,官方,137 ms
154.83.2.165,443,0.0.0.0,SG,Singapore,官方,32 ms
154.83.2.216,443,0.0.0.0,SG,Singapore,官方,50 ms
196.240.207.149,443,196.240.207.146,CA,Vancouver,隧道,200 ms
154.92.60.180,443,43.229.215.122,HK,Singapore,隧道,362 ms
154.83.2.47,443,0.0.0.0,SG,Singapore,官方,179 ms
154.84.175.19,443,0.0.0.0,SG,Singapore,官方,170 ms
196.245.151.142,443,196.245.151.138,SK,Prague,隧道,239 ms
154.213.109.83,443,43.229.215.122,HK,Singapore,隧道,177 ms
165.231.190.4,443,165.231.190.2,EE,Tallinn,隧道,1178 ms
154.213.109.72,443,43.229.215.122,HK,Singapore,隧道,182 ms
154.83.2.151,443,0.0.0.0,SG,Singapore,官方,134 ms
154.84.175.212,443,0.0.0.0,SG,Singapore,官方,181 ms
196.240.207.150,443,196.240.207.146,CA,Vancouver,隧道,195 ms
196.244.217.46,443,196.244.217.42,GB,London,隧道,269 ms
154.84.175.69,443,0.0.0.0,SG,Singapore,官方,160 ms
154.220.42.21,443,43.229.215.122,HK,Singapore,隧道,223 ms
154.84.175.80,443,0.0.0.0,SG,Singapore,官方,111 ms
154.84.175.168,443,0.0.0.0,SG,Singapore,官方,86 ms
154.84.175.137,443,0.0.0.0,SG,Singapore,官方,127 ms
165.231.33.138,443,165.231.33.138,GB,London,中转,244 ms
154.83.2.44,443,0.0.0.0,SG,Singapore,官方,86 ms
154.83.2.203,443,0.0.0.0,SG,Singapore,官方,160 ms
154.83.2.217,443,0.0.0.0,SG,Singapore,官方,100 ms
196.245.151.38,443,196.245.151.34,SK,Prague,隧道,244 ms
154.84.175.141,443,0.0.0.0,SG,Singapore,官方,24 ms
154.84.175.23,443,0.0.0.0,SG,Singapore,官方,55 ms
196.247.57.164,443,196.247.57.162,CA,Toronto,隧道,226 ms
154.213.112.39,443,43.229.215.122,HK,Singapore,隧道,84 ms
196.196.51.59,443,196.196.51.58,LV,Riga,隧道,272 ms
154.84.175.70,443,0.0.0.0,SG,Singapore,官方,167 ms
154.84.175.78,443,0.0.0.0,SG,Singapore,官方,63 ms
154.83.2.109,443,0.0.0.0,SG,Singapore,官方,161 ms
154.84.175.201,443,0.0.0.0,SG,Singapore,官方,52 ms
154.84.175.56,443,0.0.0.0,SG,Singapore,官方,71 ms
154.83.2.30,443,0.0.0.0,SG,Singapore,官方,83 ms
154.83.2.12,443,0.0.0.0,SG,Singapore,官方,25 ms
196.245.172.171,443,196.245.172.170,ES,Madrid,隧道,244 ms
154.92.58.162,443,43.229.215.122,HK,Singapore,隧道,255 ms
154.83.2.244,443,0.0.0.0,SG,Singapore,官方,99 ms
154.220.42.16,443,43.229.215.122,HK,Singapore,隧道,239 ms
154.83.2.9,443,0.0.0.0,SG,Singapore,官方,18 ms
154.84.175.228,443,0.0.0.0,SG,Singapore,官方,13 ms
154.84.175.107,443,0.0.0.0,SG,Singapore,官方,21 ms
154.84.175.77,443,0.0.0.0,SG,Singapore,官方,51 ms
154.84.175.92,443,0.0.0.0,SG,Singapore,官方,27 ms
154.84.175.234,443,0.0.0.0,SG,Singapore,官方,224 ms
154.84.175.242,443,0.0.0.0,SG,Singapore,官方,73 ms
154.83.2.72,443,0.0.0.0,SG,Singapore,官方,141 ms
154.83.2.125,443,0.0.0.0,SG,Singapore,官方,109 ms
154.83.2.247,443,0.0.0.0,SG,Singapore,官方,189 ms
154.84.175.110,443,0.0.0.0,SG,Singapore,官方,208 ms
154.216.68.80,443,43.229.215.122,HK,Singapore,隧道,69 ms
154.83.2.78,443,0.0.0.0,SG,Singapore,官方,8 ms
154.84.175.124,443,0.0.0.0,SG,Singapore,官方,226 ms
154.84.175.11,443,0.0.0.0,SG,Singapore,官方,64 ms
196.196.203.133,443,196.196.203.130,FI,Helsinki,隧道,272 ms
154.216.68.70,443,43.229.215.122,HK,Singapore,隧道,198 ms
154.213.106.66,443,43.229.215.122,HK,Singapore,隧道,415 ms
196.245.9.133,443,196.245.9.130,US,Los Angeles,隧道,180 ms
154.83.2.122,443,0.0.0.0,SG,Singapore,官方,94 ms
154.83.2.207,443,0.0.0.0,SG,Singapore,官方,68 ms
196.245.156.123,443,196.245.156.122,RO,Sofia,隧道,245 ms
154.83.2.43,443,0.0.0.0,SG,Singapore,官方,95 ms
154.84.175.210,443,0.0.0.0,SG,Singapore,官方,75 ms
165.231.33.187,443,165.231.33.186,GB,London,隧道,242 ms
196.245.9.147,443,196.245.9.146,US,Los Angeles,隧道,195 ms
196.196.200.84,443,196.196.200.82,FI,Dublin,隧道,235 ms
154.83.2.184,443,0.0.0.0,SG,Singapore,官方,175 ms
154.92.60.188,443,43.229.215.122,HK,Singapore,隧道,414 ms
154.92.60.190,443,43.229.215.122,HK,Singapore,隧道,439 ms
154.84.175.7,443,0.0.0.0,SG,Singapore,官方,158 ms
154.83.2.218,443,0.0.0.0,SG,Singapore,官方,25 ms
154.84.175.8,443,0.0.0.0,SG,Singapore,官方,41 ms
196.245.151.133,443,196.245.151.130,SK,Prague,隧道,251 ms
154.83.2.251,443,0.0.0.0,SG,Singapore,官方,66 ms
154.84.175.21,443,0.0.0.0,SG,Singapore,官方,62 ms
196.196.232.20,443,196.196.232.18,US,Los Angeles,隧道,185 ms
154.92.58.176,443,43.229.215.122,HK,Singapore,隧道,459 ms
154.213.130.185,443,43.229.215.122,HK,Singapore,隧道,430 ms
154.83.2.132,443,0.0.0.0,SG,Singapore,官方,71 ms
154.83.2.92,443,0.0.0.0,SG,Singapore,官方,93 ms
196.245.9.156,443,196.245.9.154,US,Los Angeles,隧道,166 ms
196.240.126.173,443,196.240.126.170,SG,Stockholm,隧道,1272 ms
154.83.2.157,443,0.0.0.0,SG,Singapore,官方,45 ms
196.245.151.125,443,196.245.151.122,SK,Prague,隧道,231 ms
154.83.2.85,443,0.0.0.0,SG,Singapore,官方,41 ms
154.84.175.138,443,0.0.0.0,SG,Singapore,官方,219 ms
165.231.190.10,443,165.231.190.10,EE,Tallinn,中转,342 ms
154.84.175.67,443,0.0.0.0,SG,Singapore,官方,231 ms
154.83.2.167,443,0.0.0.0,SG,Singapore,官方,165 ms
154.216.68.67,443,43.229.215.122,HK,Singapore,隧道,618 ms
196.196.51.60,443,196.196.51.58,LV,Riga,隧道,277 ms
154.84.175.117,443,0.0.0.0,SG,Singapore,官方,37 ms
196.247.180.149,443,196.247.180.146,PL,Warsaw,隧道,240 ms
196.196.51.46,443,196.196.51.42,LV,Riga,隧道,271 ms
154.83.2.120,443,0.0.0.0,SG,Singapore,官方,146 ms
154.83.2.33,443,0.0.0.0,SG,Singapore,官方,156 ms
165.231.161.166,443,165.231.161.162,EE,Tallinn,隧道,201 ms
196.196.51.6,443,196.196.51.2,LV,Riga,隧道,271 ms
196.240.126.142,443,196.240.126.138,SG,Stockholm,隧道,256 ms
154.83.2.106,443,0.0.0.0,SG,Singapore,官方,186 ms
196.245.9.34,443,196.245.9.34,US,Los Angeles,中转,180 ms
154.84.175.149,443,0.0.0.0,SG,Singapore,官方,23 ms
154.220.42.3,443,43.229.215.122,HK,Singapore,隧道,466 ms
154.213.106.77,443,43.229.215.122,HK,Singapore,隧道,492 ms
154.84.175.125,443,0.0.0.0,SG,Singapore,官方,11 ms
154.83.2.188,443,0.0.0.0,SG,Singapore,官方,76 ms
154.84.175.83,443,0.0.0.0,SG,Singapore,官方,168 ms
196.196.200.83,443,196.196.200.82,FI,Dublin,隧道,234 ms
154.92.60.178,443,43.229.215.122,HK,Singapore,隧道,544 ms
196.244.72.11,443,196.244.72.10,ZA,Düsseldorf,隧道,244 ms
154.83.2.250,443,0.0.0.0,SG,Singapore,官方,148 ms
165.231.33.141,443,165.231.33.138,GB,London,隧道,242 ms
154.84.175.144,443,0.0.0.0,SG,Singapore,官方,102 ms
154.83.2.230,443,0.0.0.0,SG,Singapore,官方,146 ms
154.84.175.239,443,0.0.0.0,SG,Singapore,官方,59 ms
154.83.2.182,443,0.0.0.0,SG,Singapore,官方,96 ms
154.213.112.53,443,43.229.215.122,HK,Singapore,隧道,524 ms
154.84.175.99,443,0.0.0.0,SG,Singapore,官方,79 ms
196.247.57.155,443,196.247.57.154,CA,Toronto,隧道,222 ms
196.245.151.126,443,196.245.151.122,SK,Prague,隧道,235 ms
196.245.151.131,443,196.245.151.130,SK,Prague,隧道,238 ms
154.83.2.57,443,0.0.0.0,SG,Singapore,官方,140 ms
154.213.109.87,443,43.229.215.122,HK,Singapore,隧道,592 ms
154.92.60.185,443,43.229.215.122,HK,Singapore,隧道,760 ms
154.83.2.154,443,0.0.0.0,SG,Singapore,官方,136 ms
165.231.190.27,443,165.231.190.26,EE,Tallinn,隧道,173 ms
154.84.175.10,443,0.0.0.0,SG,Singapore,官方,111 ms
154.83.2.210,443,0.0.0.0,SG,Singapore,官方,61 ms
165.231.190.14,443,165.231.190.10,EE,Tallinn,隧道,248 ms
154.84.175.175,443,0.0.0.0,SG,Singapore,官方,63 ms
154.84.175.100,443,0.0.0.0,SG,Singapore,官方,157 ms
154.83.2.166,443,0.0.0.0,SG,Singapore,官方,149 ms
154.213.106.71,443,43.229.215.122,HK,Singapore,隧道,481 ms
196.196.200.101,443,196.196.200.98,FI,Dublin,隧道,239 ms
154.84.175.136,443,0.0.0.0,SG,Singapore,官方,90 ms
196.196.203.43,443,196.196.203.42,FI,Helsinki,隧道,272 ms
154.92.60.177,443,43.229.215.122,HK,Singapore,隧道,124 ms
154.83.2.71,443,0.0.0.0,SG,Singapore,官方,136 ms
154.92.58.177,443,43.229.215.122,HK,Singapore,隧道,108 ms
154.83.2.172,443,0.0.0.0,SG,Singapore,官方,137 ms
196.247.180.205,443,196.247.180.202,PL,Warsaw,隧道,242 ms
154.84.175.88,443,0.0.0.0,SG,Singapore,官方,83 ms
196.247.57.158,443,196.247.57.154,CA,Toronto,隧道,222 ms
196.247.180.173,443,196.247.180.170,PL,Warsaw,隧道,240 ms
154.213.130.189,443,43.229.215.122,HK,Singapore,隧道,193 ms
154.84.175.26,443,0.0.0.0,SG,Singapore,官方,204 ms
154.83.2.143,443,0.0.0.0,SG,Singapore,官方,95 ms
196.245.172.164,443,196.245.172.162,ES,Madrid,隧道,254 ms
165.231.190.13,443,165.231.190.10,EE,Tallinn,隧道,288 ms
154.83.2.189,443,0.0.0.0,SG,Singapore,官方,79 ms
154.84.175.154,443,0.0.0.0,SG,Singapore,官方,47 ms
154.83.2.185,443,0.0.0.0,SG,Singapore,官方,110 ms
196.245.156.82,443,196.245.156.82,RO,Sofia,中转,245 ms
154.84.175.191,443,0.0.0.0,SG,Singapore,官方,86 ms
196.196.51.2,443,196.196.51.2,LV,Riga,中转,268 ms
196.247.180.202,443,196.247.180.202,PL,Warsaw,中转,409 ms
154.84.175.127,443,0.0.0.0,SG,Singapore,官方,70 ms
154.84.175.146,443,0.0.0.0,SG,Singapore,官方,84 ms
154.84.175.53,443,0.0.0.0,SG,Singapore,官方,164 ms
154.84.175.174,443,0.0.0.0,SG,Singapore,官方,204 ms
196.245.156.70,443,196.245.156.66,RO,Sofia,隧道,252 ms
154.83.2.55,443,0.0.0.0,SG,Singapore,官方,27 ms
196.196.232.21,443,196.196.232.18,US,Los Angeles,隧道,192 ms
196.245.172.166,443,196.245.172.162,ES,Madrid,隧道,258 ms
154.83.2.121,443,0.0.0.0,SG,Singapore,官方,44 ms
154.213.130.166,443,43.229.215.122,HK,Singapore,隧道,135 ms
196.245.9.37,443,196.245.9.34,US,Los Angeles,隧道,165 ms
196.196.51.78,443,196.196.51.74,LV,Riga,隧道,269 ms
196.196.51.61,443,196.196.51.58,LV,Riga,隧道,268 ms
154.83.2.27,443,0.0.0.0,SG,Singapore,官方,72 ms
154.83.2.135,443,0.0.0.0,SG,Singapore,官方,74 ms
154.83.2.124,443,0.0.0.0,SG,Singapore,官方,29 ms
154.83.2.155,443,0.0.0.0,SG,Singapore,官方,134 ms
196.247.180.170,443,196.247.180.170,PL,Warsaw,中转,244 ms
154.83.2.156,443,0.0.0.0,SG,Singapore,官方,18 ms
154.213.130.167,443,43.229.215.122,HK,Singapore,隧道,252 ms
196.196.203.51,443,196.196.203.50,FI,Helsinki,隧道,280 ms
196.247.180.147,443,196.247.180.146,PL,Warsaw,隧道,249 ms
196.245.156.142,443,196.245.156.138,RO,Sofia,隧道,253 ms
154.213.106.87,443,43.229.215.122,HK,Singapore,隧道,261 ms
154.84.175.18,443,0.0.0.0,SG,Singapore,官方,140 ms
154.213.130.187,443,43.229.215.122,HK,Singapore,隧道,266 ms
154.84.175.150,443,0.0.0.0,SG,Singapore,官方,22 ms
196.247.57.150,443,196.247.57.146,CA,Toronto,隧道,225 ms
196.247.57.147,443,196.247.57.146,CA,Toronto,隧道,225 ms
154.84.175.202,443,0.0.0.0,SG,Singapore,官方,100 ms
196.244.72.13,443,196.244.72.10,ZA,Düsseldorf,隧道,247 ms
154.84.175.222,443,0.0.0.0,SG,Singapore,官方,17 ms
154.83.2.4,443,0.0.0.0,SG,Singapore,官方,198 ms
154.83.2.228,443,0.0.0.0,SG,Singapore,官方,132 ms
196.245.172.92,443,196.245.172.90,ES,Madrid,隧道,261 ms
196.245.172.82,443,196.245.172.82,ES,Madrid,中转,252 ms
165.231.161.164,443,165.231.161.162,EE,Tallinn,隧道,175 ms
154.83.2.227,443,0.0.0.0,SG,Singapore,官方,63 ms
196.247.57.141,443,196.247.57.138,CA,Toronto,隧道,225 ms
196.245.151.123,443,196.245.151.122,SK,Prague,隧道,243 ms
154.84.175.133,443,0.0.0.0,SG,Singapore,官方,61 ms
154.83.2.241,443,0.0.0.0,SG,Singapore,官方,94 ms
196.245.172.94,443,196.245.172.90,ES,Madrid,隧道,257 ms
154.84.175.181,443,0.0.0.0,SG,Singapore,官方,172 ms
154.84.175.244,443,0.0.0.0,SG,Singapore,官方,35 ms
196.247.57.149,443,196.247.57.146,CA,Toronto,隧道,227 ms
154.84.175.38,443,0.0.0.0,SG,Singapore,官方,124 ms
154.84.175.47,443,0.0.0.0,SG,Singapore,官方,206 ms
196.240.126.98,443,196.240.126.98,SG,Stockholm,中转,252 ms
154.83.2.87,443,0.0.0.0,SG,Singapore,官方,148 ms
154.84.175.246,443,0.0.0.0,SG,Singapore,官方,187 ms
196.196.203.130,443,196.196.203.130,FI,Helsinki,中转,250 ms
154.84.175.4,443,0.0.0.0,SG,Singapore,官方,123 ms
154.84.175.227,443,0.0.0.0,SG,Singapore,官方,29 ms
154.84.175.49,443,0.0.0.0,SG,Singapore,官方,214 ms
154.84.175.93,443,0.0.0.0,SG,Singapore,官方,3 ms
154.84.175.132,443,0.0.0.0,SG,Singapore,官方,131 ms
165.231.190.30,443,165.231.190.26,EE,Tallinn,隧道,174 ms
154.84.175.243,443,0.0.0.0,SG,Singapore,官方,49 ms
196.245.156.116,443,196.245.156.114,RO,Sofia,隧道,254 ms
154.83.2.123,443,0.0.0.0,SG,Singapore,官方,37 ms
154.83.2.208,443,0.0.0.0,SG,Singapore,官方,144 ms
165.231.190.6,443,165.231.190.2,EE,Tallinn,隧道,186 ms
196.245.9.146,443,196.245.9.146,US,Los Angeles,中转,264 ms
154.83.2.173,443,0.0.0.0,SG,Singapore,官方,85 ms
154.213.130.165,443,43.229.215.122,HK,Singapore,隧道,320 ms
154.84.175.247,443,0.0.0.0,SG,Singapore,官方,182 ms
154.84.175.143,443,0.0.0.0,SG,Singapore,官方,52 ms
154.84.175.109,443,0.0.0.0,SG,Singapore,官方,125 ms
154.83.2.34,443,0.0.0.0,SG,Singapore,官方,153 ms
154.83.2.195,443,0.0.0.0,SG,Singapore,官方,29 ms
196.245.151.2,443,196.245.151.2,SK,Prague,中转,235 ms
154.83.2.82,443,0.0.0.0,SG,Singapore,官方,98 ms
196.245.9.130,443,196.245.9.130,US,Los Angeles,中转,323 ms
196.245.151.141,443,196.245.151.138,SK,Prague,隧道,235 ms
154.83.2.175,443,0.0.0.0,SG,Singapore,官方,157 ms
154.83.2.246,443,0.0.0.0,SG,Singapore,官方,77 ms
165.231.33.142,443,165.231.33.138,GB,London,隧道,255 ms
154.84.175.33,443,0.0.0.0,SG,Singapore,官方,37 ms
196.240.126.101,443,196.240.126.98,SG,Stockholm,隧道,1260 ms
154.84.175.180,443,0.0.0.0,SG,Singapore,官方,8 ms
196.244.217.74,443,196.244.217.74,GB,London,中转,237 ms
154.84.175.28,443,0.0.0.0,SG,Singapore,官方,138 ms
154.83.2.67,443,0.0.0.0,SG,Singapore,官方,44 ms
154.84.175.43,443,0.0.0.0,SG,Singapore,官方,18 ms
154.83.2.42,443,0.0.0.0,SG,Singapore,官方,89 ms
154.83.2.194,443,0.0.0.0,SG,Singapore,官方,98 ms
196.196.203.134,443,196.196.203.130,FI,Helsinki,隧道,254 ms
154.213.130.177,443,43.229.215.122,HK,Singapore,隧道,651 ms
154.84.175.209,443,0.0.0.0,SG,Singapore,官方,33 ms
196.245.9.140,443,196.245.9.138,US,Los Angeles,隧道,166 ms
154.83.2.84,443,0.0.0.0,SG,Singapore,官方,124 ms
154.84.175.20,443,0.0.0.0,SG,Singapore,官方,89 ms
154.83.2.177,443,0.0.0.0,SG,Singapore,官方,187 ms
196.245.156.133,443,196.245.156.130,RO,Sofia,隧道,267 ms
154.213.130.182,443,43.229.215.122,HK,Singapore,隧道,608 ms
196.245.151.146,443,196.245.151.146,SK,Prague,中转,258 ms
196.244.72.35,443,196.244.72.34,ZA,Düsseldorf,隧道,242 ms
154.213.112.43,443,43.229.215.122,HK,Singapore,隧道,360 ms
154.84.175.182,443,0.0.0.0,SG,Singapore,官方,98 ms
154.83.2.80,443,0.0.0.0,SG,Singapore,官方,87 ms
196.245.9.125,443,196.245.9.122,US,Los Angeles,隧道,170 ms
154.84.175.64,443,0.0.0.0,SG,Singapore,官方,94 ms
154.216.68.66,443,43.229.215.122,HK,Singapore,隧道,346 ms
154.213.130.174,443,43.229.215.122,HK,Singapore,隧道,351 ms
154.84.175.171,443,0.0.0.0,SG,Singapore,官方,208 ms
196.245.156.69,443,196.245.156.66,RO,Sofia,隧道,254 ms
154.92.58.183,443,43.229.215.122,HK,Singapore,隧道,371 ms
196.196.51.28,443,196.196.51.26,LV,Riga,隧道,276 ms
196.245.156.126,443,196.245.156.122,RO,Sofia,隧道,247 ms
154.84.175.106,443,0.0.0.0,SG,Singapore,官方,86 ms
154.213.130.183,443,43.229.215.122,HK,Singapore,隧道,204 ms
154.220.42.2,443,43.229.215.122,HK,Singapore,隧道,209 ms
196.196.200.99,443,196.196.200.98,FI,Dublin,隧道,239 ms
154.216.68.73,443,43.229.215.122,HK,Singapore,隧道,202 ms
154.84.175.232,443,0.0.0.0,SG,Singapore,官方,12 ms
154.84.175.230,443,0.0.0.0,SG,Singapore,官方,194 ms
154.84.175.225,443,0.0.0.0,SG,Singapore,官方,56 ms
196.245.156.149,443,196.245.156.146,RO,Sofia,隧道,257 ms
196.245.156.92,443,196.245.156.90,RO,Sofia,隧道,253 ms
154.83.2.61,443,0.0.0.0,SG,Singapore,官方,10 ms
154.216.68.86,443,43.229.215.122,HK,Singapore,隧道,195 ms
154.83.2.206,443,0.0.0.0,SG,Singapore,官方,73 ms
154.84.175.44,443,0.0.0.0,SG,Singapore,官方,66 ms
196.244.72.86,443,196.244.72.82,ZA,Düsseldorf,隧道,251 ms
154.84.175.90,443,0.0.0.0,SG,Singapore,官方,224 ms
154.84.175.160,443,0.0.0.0,SG,Singapore,官方,74 ms
196.245.9.45,443,196.245.9.42,US,Los Angeles,隧道,165 ms
154.213.106.76,443,43.229.215.122,HK,Singapore,隧道,210 ms
196.196.51.34,443,196.196.51.34,LV,Riga,中转,278 ms
154.84.175.251,443,0.0.0.0,SG,Singapore,官方,83 ms
196.244.72.37,443,196.244.72.34,ZA,Düsseldorf,隧道,243 ms
154.83.2.116,443,0.0.0.0,SG,Singapore,官方,117 ms
154.84.175.30,443,0.0.0.0,SG,Singapore,官方,179 ms
196.240.126.102,443,196.240.126.98,SG,Stockholm,隧道,245 ms
154.83.2.24,443,0.0.0.0,SG,Singapore,官方,177 ms
154.213.112.52,443,43.229.215.122,HK,Singapore,隧道,184 ms
154.84.175.221,443,0.0.0.0,SG,Singapore,官方,106 ms
154.83.2.76,443,0.0.0.0,SG,Singapore,官方,179 ms
154.84.175.189,443,0.0.0.0,SG,Singapore,官方,171 ms
154.84.175.48,443,0.0.0.0,SG,Singapore,官方,132 ms
154.213.130.179,443,43.229.215.122,HK,Singapore,隧道,617 ms
154.84.175.190,443,0.0.0.0,SG,Singapore,官方,147 ms
196.240.207.148,443,196.240.207.146,CA,Vancouver,隧道,194 ms
196.245.156.138,443,196.245.156.138,RO,Sofia,中转,251 ms
196.196.51.18,443,196.196.51.18,LV,Riga,中转,270 ms
154.84.175.248,443,0.0.0.0,SG,Singapore,官方,77 ms
154.213.109.86,443,43.229.215.122,HK,Singapore,隧道,627 ms
154.92.60.175,443,43.229.215.122,HK,Singapore,隧道,602 ms
154.213.130.175,443,43.229.215.122,HK,Singapore,隧道,624 ms
154.83.2.148,443,0.0.0.0,SG,Singapore,官方,47 ms
154.83.2.111,443,0.0.0.0,SG,Singapore,官方,18 ms
154.213.109.74,443,43.229.215.122,HK,Singapore,隧道,589 ms
196.245.156.68,443,196.245.156.66,RO,Sofia,隧道,256 ms
154.83.2.248,443,0.0.0.0,SG,Singapore,官方,212 ms
154.83.2.50,443,0.0.0.0,SG,Singapore,官方,112 ms
154.216.68.79,443,43.229.215.122,HK,Singapore,隧道,374 ms
154.83.2.96,443,0.0.0.0,SG,Singapore,官方,31 ms
196.244.72.91,443,196.244.72.90,ZA,Düsseldorf,隧道,245 ms
154.83.2.229,443,0.0.0.0,SG,Singapore,官方,248 ms
154.213.109.80,443,43.229.215.122,HK,Singapore,隧道,300 ms
154.83.2.41,443,0.0.0.0,SG,Singapore,官方,4 ms
196.196.51.38,443,196.196.51.34,LV,Riga,隧道,267 ms
154.83.2.239,443,0.0.0.0,SG,Singapore,官方,96 ms
154.92.60.191,443,43.229.215.122,HK,Singapore,隧道,282 ms
154.213.109.91,443,43.229.215.122,HK,Singapore,隧道,347 ms
154.83.2.14,443,0.0.0.0,SG,Singapore,官方,181 ms
154.92.58.168,443,43.229.215.122,HK,Singapore,隧道,262 ms
154.84.175.231,443,0.0.0.0,SG,Singapore,官方,179 ms
196.240.126.174,443,196.240.126.170,SG,Stockholm,隧道,252 ms
154.83.2.25,443,0.0.0.0,SG,Singapore,官方,181 ms
154.84.175.129,443,0.0.0.0,SG,Singapore,官方,71 ms
196.247.57.162,443,196.247.57.162,CA,Toronto,中转,230 ms
196.244.217.58,443,196.244.217.58,GB,London,中转,242 ms
196.245.156.84,443,196.245.156.82,RO,Sofia,隧道,249 ms
154.83.2.63,443,0.0.0.0,SG,Singapore,官方,17 ms
154.83.2.138,443,0.0.0.0,SG,Singapore,官方,131 ms
154.83.2.220,443,0.0.0.0,SG,Singapore,官方,112 ms
154.84.175.166,443,0.0.0.0,SG,Singapore,官方,206 ms
196.245.9.126,443,196.245.9.122,US,Los Angeles,隧道,192 ms
154.84.175.62,443,0.0.0.0,SG,Singapore,官方,178 ms
154.83.2.21,443,0.0.0.0,SG,Singapore,官方,66 ms
154.83.2.49,443,0.0.0.0,SG,Singapore,官方,164 ms
154.84.175.96,443,0.0.0.0,SG,Singapore,官方,137 ms
154.84.175.183,443,0.0.0.0,SG,Singapore,官方,29 ms
154.213.112.40,443,43.229.215.122,HK,Singapore,隧道,337 ms
154.84.175.25,443,0.0.0.0,SG,Singapore,官方,8 ms
196.245.156.91,443,196.245.156.90,RO,Sofia,隧道,255 ms
154.84.175.187,443,0.0.0.0,SG,Singapore,官方,105 ms
196.196.51.44,443,196.196.51.42,LV,Riga,隧道,266 ms
154.220.42.19,443,43.229.215.122,HK,Singapore,隧道,314 ms
154.84.175.12,443,0.0.0.0,SG,Singapore,官方,180 ms
154.83.2.93,443,0.0.0.0,SG,Singapore,官方,129 ms
196.245.156.147,443,196.245.156.146,RO,Sofia,隧道,245 ms
154.213.106.85,443,43.229.215.122,HK,Singapore,隧道,495 ms
196.196.51.20,443,196.196.51.18,LV,Riga,隧道,285 ms
196.245.156.114,443,196.245.156.114,RO,Sofia,中转,246 ms
154.83.2.212,443,0.0.0.0,SG,Singapore,官方,46 ms
154.83.2.193,443,0.0.0.0,SG,Singapore,官方,128 ms
154.83.2.65,443,0.0.0.0,SG,Singapore,官方,92 ms
196.245.9.154,443,196.245.9.154,US,Los Angeles,中转,181 ms
196.244.217.45,443,196.244.217.42,GB,London,隧道,251 ms
154.83.2.86,443,0.0.0.0,SG,Singapore,官方,148 ms
154.216.68.72,443,43.229.215.122,HK,Singapore,隧道,536 ms
196.247.180.174,443,196.247.180.170,PL,Warsaw,隧道,250 ms
196.247.57.166,443,196.247.57.162,CA,Toronto,隧道,224 ms
154.92.58.164,443,43.229.215.122,HK,Singapore,隧道,499 ms
196.196.200.102,443,196.196.200.98,FI,Dublin,隧道,241 ms
196.244.217.59,443,196.244.217.58,GB,London,隧道,237 ms
196.196.232.19,443,196.196.232.18,US,Los Angeles,隧道,181 ms
154.83.2.128,443,0.0.0.0,SG,Singapore,官方,9 ms
154.84.175.94,443,0.0.0.0,SG,Singapore,官方,140 ms
154.213.130.162,443,43.229.215.122,HK,Singapore,隧道,475 ms
154.216.68.69,443,43.229.215.122,HK,Singapore,隧道,402 ms
154.84.175.196,443,0.0.0.0,SG,Singapore,官方,32 ms
154.83.2.221,443,0.0.0.0,SG,Singapore,官方,7 ms
154.213.109.66,443,43.229.215.122,HK,Singapore,隧道,300 ms
154.213.106.91,443,43.229.215.122,HK,Singapore,隧道,682 ms
196.244.72.85,443,196.244.72.82,ZA,Düsseldorf,隧道,242 ms
154.216.68.87,443,43.229.215.122,HK,Singapore,隧道,491 ms
196.247.180.204,443,196.247.180.202,PL,Warsaw,隧道,242 ms
196.245.156.148,443,196.245.156.146,RO,Sofia,隧道,254 ms
154.83.2.178,443,0.0.0.0,SG,Singapore,官方,52 ms
154.213.112.62,443,43.229.215.122,HK,Singapore,隧道,362 ms
154.83.2.59,443,0.0.0.0,SG,Singapore,官方,48 ms
154.92.60.164,443,43.229.215.122,HK,Singapore,隧道,402 ms
154.83.2.158,443,0.0.0.0,SG,Singapore,官方,131 ms
154.216.68.68,443,43.229.215.122,HK,Singapore,隧道,698 ms
196.245.172.91,443,196.245.172.90,ES,Madrid,隧道,260 ms
154.83.2.20,443,0.0.0.0,SG,Singapore,官方,88 ms
154.92.60.176,443,43.229.215.122,HK,Singapore,隧道,599 ms
196.244.72.29,443,196.244.72.26,ZA,Düsseldorf,隧道,252 ms
165.231.190.28,443,165.231.190.26,EE,Tallinn,隧道,179 ms
154.213.112.50,443,43.229.215.122,HK,Singapore,隧道,450 ms
154.216.68.95,443,43.229.215.122,HK,Singapore,隧道,519 ms
154.92.58.173,443,43.229.215.122,HK,Singapore,隧道,389 ms
154.83.2.32,443,0.0.0.0,SG,Singapore,官方,31 ms
196.245.172.85,443,196.245.172.82,ES,Madrid,隧道,255 ms
196.240.126.99,443,196.240.126.98,SG,Stockholm,隧道,247 ms
154.84.175.31,443,0.0.0.0,SG,Singapore,官方,104 ms
154.213.112.47,443,43.229.215.122,HK,Singapore,隧道,382 ms
154.213.112.44,443,43.229.215.122,HK,Singapore,隧道,277 ms
154.84.175.173,443,0.0.0.0,SG,Singapore,官方,259 ms
154.83.2.200,443,0.0.0.0,SG,Singapore,官方,240 ms
154.213.109.78,443,43.229.215.122,HK,Singapore,隧道,346 ms
154.83.2.81,443,0.0.0.0,SG,Singapore,官方,23 ms
154.220.42.26,443,43.229.215.122,HK,Singapore,隧道,223 ms
196.244.72.68,443,196.244.72.66,ZA,Düsseldorf,隧道,243 ms
154.83.2.136,443,0.0.0.0,SG,Singapore,官方,16 ms
196.245.151.3,443,196.245.151.2,SK,Prague,隧道,286 ms
154.220.42.8,443,43.229.215.122,HK,Singapore,隧道,203 ms
196.247.180.150,443,196.247.180.146,PL,Warsaw,隧道,242 ms
154.83.2.83,443,0.0.0.0,SG,Singapore,官方,113 ms
154.84.175.216,443,0.0.0.0,SG,Singapore,官方,90 ms
196.244.217.62,443,196.244.217.58,GB,London,隧道,238 ms
154.84.175.76,443,0.0.0.0,SG,Singapore,官方,136 ms
196.245.156.90,443,196.245.156.90,RO,Sofia,中转,261 ms
196.245.9.38,443,196.245.9.34,US,Los Angeles,隧道,354 ms
154.83.2.74,443,0.0.0.0,SG,Singapore,官方,311 ms
154.84.175.147,443,0.0.0.0,SG,Singapore,官方,269 ms
154.84.175.204,443,0.0.0.0,SG,Singapore,官方,53 ms
196.244.72.93,443,196.244.72.90,ZA,Düsseldorf,隧道,251 ms
154.84.175.16,443,0.0.0.0,SG,Singapore,官方,76 ms
154.84.175.32,443,0.0.0.0,SG,Singapore,官方,108 ms
154.83.2.161,443,0.0.0.0,SG,Singapore,官方,169 ms
196.196.51.29,443,196.196.51.26,LV,Riga,隧道,267 ms
154.83.2.52,443,0.0.0.0,SG,Singapore,官方,45 ms
156.230.12.71,443,156.230.12.66,HK,Singapore,隧道,68 ms
154.84.175.45,443,0.0.0.0,SG,Singapore,官方,66 ms
154.83.2.60,443,0.0.0.0,SG,Singapore,官方,125 ms
154.213.112.36,443,43.229.215.122,HK,Singapore,隧道,233 ms
196.245.172.170,443,196.245.172.170,ES,Madrid,中转,256 ms
196.196.203.132,443,196.196.203.130,FI,Helsinki,隧道,265 ms
154.213.109.90,443,43.229.215.122,HK,Singapore,隧道,447 ms
154.92.58.172,443,43.229.215.122,HK,Singapore,隧道,432 ms
196.196.203.20,443,196.196.203.18,FI,Helsinki,隧道,264 ms
154.84.175.233,443,0.0.0.0,SG,Singapore,官方,92 ms
154.220.42.12,443,43.229.215.122,HK,Singapore,隧道,534 ms
154.84.175.206,443,0.0.0.0,SG,Singapore,官方,125 ms
154.84.175.130,443,0.0.0.0,SG,Singapore,官方,94 ms
154.83.2.242,443,0.0.0.0,SG,Singapore,官方,5 ms
196.247.57.139,443,196.247.57.138,CA,Toronto,隧道,222 ms
196.196.51.62,443,196.196.51.58,LV,Riga,隧道,280 ms
154.213.130.176,443,43.229.215.122,HK,Singapore,隧道,468 ms
196.247.180.203,443,196.247.180.202,PL,Warsaw,隧道,243 ms
154.84.175.66,443,0.0.0.0,SG,Singapore,官方,89 ms
154.84.175.57,443,0.0.0.0,SG,Singapore,官方,69 ms
154.83.2.170,443,0.0.0.0,SG,Singapore,官方,148 ms
196.245.151.35,443,196.245.151.34,SK,Prague,隧道,239 ms
196.240.126.141,443,196.240.126.138,SG,Stockholm,隧道,248 ms
154.213.109.92,443,43.229.215.122,HK,Singapore,隧道,379 ms
154.213.109.79,443,43.229.215.122,HK,Singapore,隧道,374 ms
154.84.175.213,443,0.0.0.0,SG,Singapore,官方,10 ms
196.245.151.147,443,196.245.151.146,SK,Prague,隧道,240 ms
154.84.175.37,443,0.0.0.0,SG,Singapore,官方,48 ms
154.83.2.70,443,0.0.0.0,SG,Singapore,官方,184 ms
154.83.2.249,443,0.0.0.0,SG,Singapore,官方,128 ms
154.83.2.183,443,0.0.0.0,SG,Singapore,官方,272 ms
154.84.175.238,443,0.0.0.0,SG,Singapore,官方,38 ms
196.245.151.114,443,196.245.151.114,SK,Prague,中转,240 ms
196.196.203.12,443,196.196.203.10,FI,Helsinki,隧道,263 ms
154.92.58.169,443,43.229.215.122,HK,Singapore,隧道,260 ms
196.245.156.66,443,196.245.156.66,RO,Sofia,中转,251 ms
154.84.175.58,443,0.0.0.0,SG,Singapore,官方,48 ms
154.84.175.51,443,0.0.0.0,SG,Singapore,官方,76 ms
196.247.57.140,443,196.247.57.138,CA,Toronto,隧道,224 ms
154.83.2.225,443,0.0.0.0,SG,Singapore,官方,83 ms
154.213.112.55,443,43.229.215.122,HK,Singapore,隧道,298 ms
154.83.2.94,443,0.0.0.0,SG,Singapore,官方,158 ms
154.83.2.13,443,0.0.0.0,SG,Singapore,官方,180 ms
154.213.112.38,443,43.229.215.122,HK,Singapore,隧道,478 ms
154.84.175.145,443,0.0.0.0,SG,Singapore,官方,18 ms
154.84.175.163,443,0.0.0.0,SG,Singapore,官方,94 ms
196.245.156.139,443,196.245.156.138,RO,Sofia,隧道,246 ms
154.84.175.81,443,0.0.0.0,SG,Singapore,官方,76 ms
154.84.175.82,443,0.0.0.0,SG,Singapore,官方,80 ms
154.213.130.160,443,43.229.215.122,HK,Singapore,隧道,499 ms
154.213.106.82,443,43.229.215.122,HK,Singapore,隧道,502 ms
196.244.72.99,443,196.244.72.98,ZA,Düsseldorf,隧道,269 ms
154.83.2.152,443,0.0.0.0,SG,Singapore,官方,181 ms
154.84.175.86,443,0.0.0.0,SG,Singapore,官方,59 ms
45.195.12.52,443,45.195.12.52,MU,Los Angeles,中转,240 ms
154.83.2.226,443,0.0.0.0,SG,Singapore,官方,216 ms
154.213.112.57,443,43.229.215.122,HK,Singapore,隧道,430 ms
154.84.175.63,443,0.0.0.0,SG,Singapore,官方,126 ms
154.83.2.234,443,0.0.0.0,SG,Singapore,官方,119 ms
196.196.51.30,443,196.196.51.26,LV,Riga,隧道,275 ms
196.245.151.6,443,196.245.151.2,SK,Prague,隧道,239 ms
154.213.112.41,443,43.229.215.122,HK,Singapore,隧道,471 ms
196.196.203.42,443,196.196.203.42,FI,Helsinki,中转,254 ms
154.83.2.219,443,0.0.0.0,SG,Singapore,官方,86 ms
154.83.2.110,443,0.0.0.0,SG,Singapore,官方,171 ms
154.83.2.224,443,0.0.0.0,SG,Singapore,官方,164 ms
154.83.2.192,443,0.0.0.0,SG,Singapore,官方,108 ms
154.84.175.29,443,0.0.0.0,SG,Singapore,官方,255 ms
196.245.156.83,443,196.245.156.82,RO,Sofia,隧道,245 ms
196.245.156.115,443,196.245.156.114,RO,Sofia,隧道,246 ms
154.83.2.144,443,0.0.0.0,SG,Singapore,官方,115 ms
154.213.130.188,443,43.229.215.122,HK,Singapore,隧道,148 ms
154.84.175.200,443,0.0.0.0,SG,Singapore,官方,198 ms
154.83.2.196,443,0.0.0.0,SG,Singapore,官方,45 ms
154.84.175.197,443,0.0.0.0,SG,Singapore,官方,90 ms
196.196.203.10,443,196.196.203.10,FI,Helsinki,中转,271 ms
154.84.175.148,443,0.0.0.0,SG,Singapore,官方,35 ms
154.84.175.177,443,0.0.0.0,SG,Singapore,官方,250 ms
154.83.2.190,443,0.0.0.0,SG,Singapore,官方,42 ms
154.220.42.6,443,43.229.215.122,HK,Singapore,隧道,343 ms
154.84.175.50,443,0.0.0.0,SG,Singapore,官方,158 ms
196.245.156.146,443,196.245.156.146,RO,Sofia,中转,264 ms
154.213.130.180,443,43.229.215.122,HK,Singapore,隧道,326 ms
154.83.2.199,443,0.0.0.0,SG,Singapore,官方,82 ms
154.83.2.233,443,0.0.0.0,SG,Singapore,官方,104 ms
154.84.175.155,443,0.0.0.0,SG,Singapore,官方,148 ms
165.231.33.173,443,165.231.33.170,GB,London,隧道,289 ms
196.245.172.61,443,196.245.172.58,ES,Madrid,隧道,262 ms
154.84.175.185,443,0.0.0.0,SG,Singapore,官方,135 ms
154.84.175.85,443,0.0.0.0,SG,Singapore,官方,243 ms
154.83.2.191,443,0.0.0.0,SG,Singapore,官方,116 ms
154.83.2.232,443,0.0.0.0,SG,Singapore,官方,177 ms
196.245.151.139,443,196.245.151.138,SK,Prague,隧道,234 ms
154.84.175.72,443,0.0.0.0,SG,Singapore,官方,101 ms
196.240.126.139,443,196.240.126.138,SG,Stockholm,隧道,246 ms
154.84.175.52,443,0.0.0.0,SG,Singapore,官方,86 ms
45.195.12.21,443,45.195.12.21,MU,Los Angeles,中转,143 ms
154.84.175.73,443,0.0.0.0,SG,Singapore,官方,78 ms
154.83.2.112,443,0.0.0.0,SG,Singapore,官方,82 ms
154.83.2.240,443,0.0.0.0,SG,Singapore,官方,217 ms
154.83.2.134,443,0.0.0.0,SG,Singapore,官方,156 ms
196.244.72.34,443,196.244.72.34,ZA,Düsseldorf,中转,249 ms
154.213.106.84,443,43.229.215.122,HK,Singapore,隧道,342 ms
196.244.217.77,443,196.244.217.74,GB,London,隧道,242 ms
154.84.175.135,443,0.0.0.0,SG,Singapore,官方,71 ms
154.84.175.41,443,0.0.0.0,SG,Singapore,官方,82 ms
196.245.156.118,443,196.245.156.114,RO,Sofia,隧道,248 ms
154.83.2.197,443,0.0.0.0,SG,Singapore,官方,7 ms
196.244.72.12,443,196.244.72.10,ZA,Düsseldorf,隧道,250 ms
154.83.2.209,443,0.0.0.0,SG,Singapore,官方,27 ms
154.216.68.85,443,43.229.215.122,HK,Singapore,隧道,337 ms
154.84.175.176,443,0.0.0.0,SG,Singapore,官方,153 ms
196.245.156.141,443,196.245.156.138,RO,Sofia,隧道,247 ms
196.245.172.174,443,196.245.172.170,ES,Madrid,隧道,248 ms
196.244.72.21,443,196.244.72.18,ZA,Düsseldorf,隧道,245 ms
154.84.175.165,443,0.0.0.0,SG,Singapore,官方,124 ms
196.245.151.115,443,196.245.151.114,SK,Prague,隧道,236 ms
154.213.112.48,443,43.229.215.122,HK,Singapore,隧道,376 ms
154.84.175.134,443,0.0.0.0,SG,Singapore,官方,21 ms
154.83.2.101,443,0.0.0.0,SG,Singapore,官方,15 ms
196.247.180.148,443,196.247.180.146,PL,Warsaw,隧道,242 ms
154.83.2.58,443,0.0.0.0,SG,Singapore,官方,52 ms
154.92.60.168,443,43.229.215.122,HK,Singapore,隧道,298 ms
196.244.217.44,443,196.244.217.42,GB,London,隧道,237 ms
196.196.200.85,443,196.196.200.82,FI,Dublin,隧道,250 ms
154.213.109.93,443,43.229.215.122,HK,Singapore,隧道,220 ms
154.213.109.68,443,43.229.215.122,HK,Singapore,隧道,428 ms
196.244.72.27,443,196.244.72.26,ZA,Düsseldorf,隧道,243 ms
154.83.2.164,443,0.0.0.0,SG,Singapore,官方,104 ms
196.245.156.122,443,196.245.156.122,RO,Sofia,中转,250 ms
196.245.9.132,443,196.245.9.130,US,Los Angeles,隧道,179 ms
196.244.72.102,443,196.244.72.98,ZA,Düsseldorf,隧道,247 ms
196.245.9.35,443,196.245.9.34,US,Los Angeles,隧道,183 ms
196.245.151.118,443,196.245.151.114,SK,Prague,隧道,242 ms
196.244.72.36,443,196.244.72.34,ZA,Düsseldorf,隧道,246 ms
154.216.68.75,443,43.229.215.122,HK,Singapore,隧道,647 ms
154.83.2.64,443,0.0.0.0,SG,Singapore,官方,131 ms
154.84.175.186,443,0.0.0.0,SG,Singapore,官方,136 ms
196.196.51.5,443,196.196.51.2,LV,Riga,隧道,271 ms
154.83.2.253,443,0.0.0.0,SG,Singapore,官方,153 ms
154.216.68.71,443,43.229.215.122,HK,Singapore,隧道,508 ms
154.84.175.223,443,0.0.0.0,SG,Singapore,官方,66 ms
154.213.109.65,443,43.229.215.122,HK,Singapore,隧道,622 ms
165.231.33.186,443,165.231.33.186,GB,London,中转,242 ms
154.213.112.60,443,43.229.215.122,HK,Singapore,隧道,508 ms
154.220.42.0,443,43.229.215.122,HK,Singapore,隧道,618 ms
154.213.106.72,443,43.229.215.122,HK,Singapore,隧道,558 ms
196.245.156.117,443,196.245.156.114,RO,Sofia,隧道,247 ms
196.247.57.148,443,196.247.57.146,CA,Toronto,隧道,225 ms
154.83.2.10,443,0.0.0.0,SG,Singapore,官方,18 ms
154.220.42.14,443,43.229.215.122,HK,Singapore,隧道,227 ms
154.213.106.64,443,43.229.215.122,HK,Singapore,隧道,331 ms
196.196.203.46,443,196.196.203.42,FI,Helsinki,隧道,263 ms
154.83.2.205,443,0.0.0.0,SG,Singapore,官方,89 ms
154.83.2.222,443,0.0.0.0,SG,Singapore,官方,79 ms
154.84.175.61,443,0.0.0.0,SG,Singapore,官方,27 ms
196.244.72.94,443,196.244.72.90,ZA,Düsseldorf,隧道,244 ms
154.83.2.107,443,0.0.0.0,SG,Singapore,官方,83 ms
154.84.175.24,443,0.0.0.0,SG,Singapore,官方,126 ms
154.83.2.62,443,0.0.0.0,SG,Singapore,官方,296 ms
154.83.2.160,443,0.0.0.0,SG,Singapore,官方,48 ms
154.84.175.156,443,0.0.0.0,SG,Singapore,官方,120 ms
154.84.175.119,443,0.0.0.0,SG,Singapore,官方,53 ms
154.84.175.123,443,0.0.0.0,SG,Singapore,官方,62 ms
196.196.51.19,443,196.196.51.18,LV,Riga,隧道,271 ms
196.245.156.132,443,196.245.156.130,RO,Sofia,隧道,257 ms
154.83.2.18,443,0.0.0.0,SG,Singapore,官方,177 ms
196.245.9.138,443,196.245.9.138,US,Los Angeles,中转,164 ms
154.83.2.186,443,0.0.0.0,SG,Singapore,官方,150 ms
196.196.200.86,443,196.196.200.82,FI,Dublin,隧道,239 ms
154.83.2.198,443,0.0.0.0,SG,Singapore,官方,150 ms
154.84.175.162,443,0.0.0.0,SG,Singapore,官方,155 ms
154.83.2.7,443,0.0.0.0,SG,Singapore,官方,271 ms
196.196.203.50,443,196.196.203.50,FI,Helsinki,中转,268 ms
154.213.106.90,443,43.229.215.122,HK,Singapore,隧道,292 ms
154.83.2.73,443,0.0.0.0,SG,Singapore,官方,276 ms
154.83.2.75,443,0.0.0.0,SG,Singapore,官方,27 ms
154.83.2.35,443,0.0.0.0,SG,Singapore,官方,8 ms
154.213.112.42,443,43.229.215.122,HK,Singapore,隧道,171 ms
196.247.57.138,443,196.247.57.138,CA,Toronto,中转,224 ms
154.84.175.139,443,0.0.0.0,SG,Singapore,官方,208 ms
154.83.2.176,443,0.0.0.0,SG,Singapore,官方,127 ms
154.213.106.80,443,43.229.215.122,HK,Singapore,隧道,442 ms
154.84.175.74,443,0.0.0.0,SG,Singapore,官方,107 ms
154.83.2.105,443,0.0.0.0,SG,Singapore,官方,5 ms
154.83.2.180,443,0.0.0.0,SG,Singapore,官方,94 ms
154.83.2.149,443,0.0.0.0,SG,Singapore,官方,61 ms
154.92.58.187,443,43.229.215.122,HK,Singapore,隧道,439 ms
196.245.172.83,443,196.245.172.82,ES,Madrid,隧道,244 ms
154.84.175.142,443,0.0.0.0,SG,Singapore,官方,198 ms
154.84.175.179,443,0.0.0.0,SG,Singapore,官方,18 ms
154.83.2.150,443,0.0.0.0,SG,Singapore,官方,136 ms
154.213.106.79,443,43.229.215.122,HK,Singapore,隧道,379 ms
154.84.175.87,443,0.0.0.0,SG,Singapore,官方,28 ms
154.83.2.202,443,0.0.0.0,SG,Singapore,官方,80 ms
154.92.60.167,443,43.229.215.122,HK,Singapore,隧道,279 ms
196.245.9.123,443,196.245.9.122,US,Los Angeles,隧道,166 ms
196.245.172.59,443,196.245.172.58,ES,Madrid,隧道,245 ms
154.83.2.51,443,0.0.0.0,SG,Singapore,官方,116 ms
154.84.175.131,443,0.0.0.0,SG,Singapore,官方,147 ms
154.83.2.40,443,0.0.0.0,SG,Singapore,官方,117 ms
154.83.2.168,443,0.0.0.0,SG,Singapore,官方,25 ms
196.245.151.5,443,196.245.151.2,SK,Prague,隧道,233 ms
154.84.175.40,443,0.0.0.0,SG,Singapore,官方,151 ms
154.216.68.92,443,43.229.215.122,HK,Singapore,隧道,444 ms
154.83.2.153,443,0.0.0.0,SG,Singapore,官方,215 ms
165.231.33.189,443,165.231.33.186,GB,London,隧道,243 ms
154.83.2.8,443,0.0.0.0,SG,Singapore,官方,57 ms
154.84.175.170,443,0.0.0.0,SG,Singapore,官方,17 ms
154.83.2.162,443,0.0.0.0,SG,Singapore,官方,4 ms
154.213.109.77,443,43.229.215.122,HK,Singapore,隧道,303 ms
196.245.151.4,443,196.245.151.2,SK,Prague,隧道,239 ms
154.84.175.15,443,0.0.0.0,SG,Singapore,官方,6 ms
154.83.2.243,443,0.0.0.0,SG,Singapore,官方,67 ms
154.83.2.159,443,0.0.0.0,SG,Singapore,官方,69 ms
154.213.112.32,443,43.229.215.122,HK,Singapore,隧道,227 ms
196.245.9.155,443,196.245.9.154,US,Los Angeles,隧道,176 ms
154.84.175.14,443,0.0.0.0,SG,Singapore,官方,116 ms
154.84.175.157,443,0.0.0.0,SG,Singapore,官方,17 ms
154.84.175.140,443,0.0.0.0,SG,Singapore,官方,72 ms
196.196.203.61,443,196.196.203.58,FI,Helsinki,隧道,277 ms
154.83.2.139,443,0.0.0.0,SG,Singapore,官方,63 ms
196.244.72.84,443,196.244.72.82,ZA,Düsseldorf,隧道,250 ms
154.84.175.250,443,0.0.0.0,SG,Singapore,官方,82 ms
196.244.72.101,443,196.244.72.98,ZA,Düsseldorf,隧道,245 ms
154.83.2.141,443,0.0.0.0,SG,Singapore,官方,79 ms
154.84.175.167,443,0.0.0.0,SG,Singapore,官方,149 ms
154.213.112.56,443,43.229.215.122,HK,Singapore,隧道,463 ms
154.83.2.223,443,0.0.0.0,SG,Singapore,官方,102 ms
196.245.156.150,443,196.245.156.146,RO,Sofia,隧道,253 ms
196.196.51.42,443,196.196.51.42,LV,Riga,中转,278 ms
154.84.175.195,443,0.0.0.0,SG,Singapore,官方,161 ms
154.83.2.0,443,0.0.0.0,SG,Singapore,官方,84 ms
196.196.200.100,443,196.196.200.98,FI,Dublin,隧道,234 ms
154.84.175.71,443,0.0.0.0,SG,Singapore,官方,59 ms
154.213.112.49,443,43.229.215.122,HK,Singapore,隧道,403 ms
154.84.175.253,443,0.0.0.0,SG,Singapore,官方,4 ms
196.245.9.124,443,196.245.9.122,US,Los Angeles,隧道,166 ms
154.84.175.116,443,0.0.0.0,SG,Singapore,官方,82 ms
154.83.2.103,443,0.0.0.0,SG,Singapore,官方,40 ms
165.231.190.3,443,165.231.190.2,EE,Tallinn,隧道,169 ms
196.245.172.173,443,196.245.172.170,ES,Madrid,隧道,248 ms
196.245.151.148,443,196.245.151.146,SK,Prague,隧道,235 ms
196.245.156.130,443,196.245.156.130,RO,Sofia,中转,254 ms
154.84.175.111,443,0.0.0.0,SG,Singapore,官方,98 ms
196.196.203.19,443,196.196.203.18,FI,Helsinki,隧道,263 ms
154.91.196.82,443,154.91.196.82,HK,Singapore,中转,67 ms
196.245.9.142,443,196.245.9.138,US,Los Angeles,隧道,1195 ms
154.83.2.131,443,0.0.0.0,SG,Singapore,官方,77 ms
196.196.51.45,443,196.196.51.42,LV,Riga,隧道,279 ms
196.196.51.35,443,196.196.51.34,LV,Riga,隧道,278 ms
196.245.9.44,443,196.245.9.42,US,Los Angeles,隧道,166 ms
154.84.175.240,443,0.0.0.0,SG,Singapore,官方,200 ms
154.83.2.1,443,0.0.0.0,SG,Singapore,官方,85 ms
154.84.175.59,443,0.0.0.0,SG,Singapore,官方,152 ms
154.83.2.187,443,0.0.0.0,SG,Singapore,官方,111 ms
154.83.2.215,443,0.0.0.0,SG,Singapore,官方,41 ms
154.83.2.23,443,0.0.0.0,SG,Singapore,官方,144 ms
154.84.175.3,443,0.0.0.0,SG,Singapore,官方,79 ms
154.83.2.66,443,0.0.0.0,SG,Singapore,官方,80 ms
154.83.2.145,443,0.0.0.0,SG,Singapore,官方,101 ms
154.84.175.91,443,0.0.0.0,SG,Singapore,官方,71 ms
154.83.2.3,443,0.0.0.0,SG,Singapore,官方,19 ms
154.84.175.113,443,0.0.0.0,SG,Singapore,官方,46 ms
154.84.175.101,443,0.0.0.0,SG,Singapore,官方,176 ms
196.245.151.36,443,196.245.151.34,SK,Prague,隧道,286 ms
196.244.217.75,443,196.244.217.74,GB,London,隧道,242 ms
196.240.126.170,443,196.240.126.170,SG,Stockholm,中转,253 ms
154.84.175.198,443,0.0.0.0,SG,Singapore,官方,120 ms
154.92.58.160,443,43.229.215.122,HK,Singapore,隧道,283 ms
154.84.175.207,443,0.0.0.0,SG,Singapore,官方,171 ms
154.84.175.27,443,0.0.0.0,SG,Singapore,官方,239 ms
165.231.190.12,443,165.231.190.10,EE,Tallinn,隧道,174 ms
154.213.112.58,443,43.229.215.122,HK,Singapore,隧道,322 ms
196.196.51.36,443,196.196.51.34,LV,Riga,隧道,275 ms
154.83.2.89,443,0.0.0.0,SG,Singapore,官方,137 ms
154.84.175.0,443,0.0.0.0,SG,Singapore,官方,56 ms
154.84.175.97,443,0.0.0.0,SG,Singapore,官方,206 ms
154.92.58.163,443,43.229.215.122,HK,Singapore,隧道,260 ms
154.213.109.85,443,43.229.215.122,HK,Singapore,隧道,263 ms
196.245.172.90,443,196.245.172.90,ES,Madrid,中转,257 ms
154.216.68.64,443,43.229.215.122,HK,Singapore,隧道,196 ms
154.92.58.180,443,43.229.215.122,HK,Singapore,隧道,193 ms
154.83.2.252,443,0.0.0.0,SG,Singapore,官方,7 ms
196.245.9.42,443,196.245.9.42,US,Los Angeles,中转,182 ms
165.231.33.174,443,165.231.33.170,GB,London,隧道,236 ms
154.92.58.174,443,43.229.215.122,HK,Singapore,隧道,184 ms
154.83.2.46,443,0.0.0.0,SG,Singapore,官方,7 ms
154.216.68.83,443,43.229.215.122,HK,Singapore,隧道,137 ms
154.213.106.92,443,43.229.215.122,HK,Singapore,隧道,179 ms
154.213.106.67,443,43.229.215.122,HK,Singapore,隧道,177 ms
154.83.2.39,443,0.0.0.0,SG,Singapore,官方,32 ms
196.245.156.94,443,196.245.156.90,RO,Sofia,隧道,250 ms
154.83.2.22,443,0.0.0.0,SG,Singapore,官方,163 ms
154.84.175.236,443,0.0.0.0,SG,Singapore,官方,15 ms
154.83.2.97,443,0.0.0.0,SG,Singapore,官方,156 ms
196.244.191.78,443,196.244.191.74,FI,Helsinki,隧道,261 ms
154.84.175.218,443,0.0.0.0,SG,Singapore,官方,11 ms
154.220.42.31,443,43.229.215.122,HK,Singapore,隧道,111 ms
154.84.175.17,443,0.0.0.0,SG,Singapore,官方,161 ms
196.245.156.140,443,196.245.156.138,RO,Sofia,隧道,252 ms
154.83.2.213,443,0.0.0.0,SG,Singapore,官方,14 ms
154.83.2.119,443,0.0.0.0,SG,Singapore,官方,9 ms
154.83.2.231,443,0.0.0.0,SG,Singapore,官方,157 ms
196.244.217.60,443,196.244.217.58,GB,London,隧道,242 ms
196.247.180.206,443,196.247.180.202,PL,Warsaw,隧道,251 ms
196.196.203.14,443,196.196.203.10,FI,Helsinki,隧道,431 ms
165.231.33.139,443,165.231.33.138,GB,London,隧道,239 ms
